{
    "64_batchsize_train_p3": {
        "0": 0.20803763,
        "1": 0.56583345,
        "2": 0.4649024,
        "3": 0.3912602,
        "4": 0.14328767
    },
    "1_batchsize_train_p3": {
        "0": 0.5145732,
        "1": 0.6492989,
        "2": 0.3882828,
        "3": 0.39945877,
        "4": 0.56962687
    },
    "1_batchsize_pdb1000": {
        "0": 0.3823135,
        "1": 0.62113136,
        "2": 0.57538706,
        "3": 0.60889536,
        "4": 0.4292015
    },
    "1_batchsize_pdb2272": {
        "0": 0.80203104,
        "1": 0.72941655,
        "2": 0.55220836,
        "3": 0.84113395,
        "4": 0.3983066
    },
    "1_batchsize_pdb20000": {
        "0": 0.57929546,
        "1": 0.7531886,
        "2": 0.44874695,
        "3": 0.7482162,
        "4": 0.68876445
    },
    "64_batchsize_train_pdb1000": {
        "0": 0.2856682,
        "1": 0.4033565,
        "2": 0.65361553,
        "3": 0.7275639,
        "4": 0.4226193
    },
    "lora_ankh_pdb2272": {
        "0": 0.6251042,
        "1": 0.58658713,
        "2": 0.62652874,
        "3": 0.56947076,
        "4": 0.6056581
    },
    "lora_ankh_train_p3": {
        "0": 0.58402896,
        "1": 0.63666034,
        "2": 0.63985145,
        "3": 0.60146517,
        "4": 0.65533847
    },
    "lora_ankh_v2_train_p3": {
        "0": 0.6012992,
        "1": 0.638682,
        "2": 0.6489024,
        "3": 0.59629035,
        "4": 0.59363455
    },
    "ff_ankh_train_p3": {
        "0": 0.5818504095077515,
        "1": 0.6333436965942383,
        "2": 0.6347060203552246
    },
    "benchmark": {
        "0": 0.57402074,
        "1": 0.08146653,
        "2": 0.013625155,
        "3": 0.088008426,
        "4": 0.123383455
    }
}
